protein,f_value,p_value,q_value,process
slr1721,112.64701336796827,5.340292840034618e-11,6.379700398354526e-08,Hypothetical
sll0934,98.1387816087253,1.443337604069287e-10,6.379700398354526e-08,Photosynthesis and respiration
slr6042,96.32872311637036,1.650018452598755e-10,6.379700398354526e-08,Transport and binding proteins
sll1825,92.20422889807621,2.2590835950375474e-10,6.379700398354526e-08,Hypothetical
sll1663,92.0485468898706,2.2866309671521597e-10,6.379700398354526e-08,Photosynthesis and respiration
slr1975,82.19160304793152,5.141341695763747e-10,1.0641965532481102e-07,Regulatory functions
sll2011,81.71678847944753,5.358279127831859e-10,1.0641965532481102e-07,Hypothetical
sll1808,80.23879665257088,6.102919301781277e-10,1.0641965532481102e-07,Translation
slr0077,68.80087316795954,1.8178618587250005e-09,2.817685881023752e-07,Amino acid biosynthesis
sll1688,66.84050726462455,2.2294960717040887e-09,3.110147020027204e-07,Amino acid biosynthesis
slr0652,65.83885046987355,2.4799845700460825e-09,3.1450713411038963e-07,Amino acid biosynthesis
slr0633,63.583154990762786,3.169949096406824e-09,3.685065824572933e-07,"Biosynthesis of cofactors, prosthetic groups, and carriers"
slr2004,53.46091785510645,1.065830865331276e-08,1.1386233762288108e-06,Unknown
sll8007,52.927765198722774,1.1427044635988064e-08,1.1386233762288108e-06,Unknown
sll0427,51.852455580342685,1.3176603568483092e-08,1.2254241318689276e-06,Photosynthesis and respiration
ssl2781,50.51044409220934,1.5801670886888252e-08,1.3777081804505692e-06,Hypothetical
sll0272,49.58583448639453,1.79554248850187e-08,1.4410859558575629e-06,Hypothetical
sll0764,49.335432455642156,1.8594657494936292e-08,1.4410859558575629e-06,Transport and binding proteins
ssl1300,48.27115401386811,2.1615360984109326e-08,1.5870225564648694e-06,Hypothetical
slr0841,46.51267098843184,2.7908553545762878e-08,1.94662160981696e-06,Unknown
sll7090,45.229703055531594,3.3818594339873085e-08,2.246520909720141e-06,Unknown
sll1583,43.5547552243083,4.379002128065933e-08,2.7766854402963533e-06,Unknown
slr0006,42.930030341859116,4.833262003343379e-08,2.8440690022469974e-06,Unknown
sll1721,42.693720720518044,5.0188320145906006e-08,2.8440690022469974e-06,Energy metabolism
slr0552,42.59725199807081,5.0968978534892436e-08,2.8440690022469974e-06,Hypothetical
slr2089,41.002027117326996,6.609957991083382e-08,3.4286888697021506e-06,"Fatty acid, phospholipid and sterol metabolism"
sll1452,40.97816219354693,6.63617200587513e-08,3.4286888697021506e-06,Transport and binding proteins
slr0212,39.454461847430075,8.58194549796906e-08,4.209876910259949e-06,Amino acid biosynthesis
slr1542,39.34050390916602,8.751715440683767e-08,4.209876910259949e-06,Other categories
ssl1426,38.67868746272346,9.816217997724306e-08,4.564541368941803e-06,Translation
slr1367,37.93189875319222,1.1197635766336134e-07,5.0389360948512605e-06,Central intermediary metabolism
slr1164,36.947833392256506,1.3367230495947694e-07,5.574624375765811e-06,"Purines, pyrimidines, nucleosides, and nucleotides"
slr0551,36.912695469458974,1.3453078158302784e-07,5.574624375765811e-06,Hypothetical
sll0851,36.858425858784926,1.358689812014606e-07,5.574624375765811e-06,Photosynthesis and respiration
sll1069,36.15025315275143,1.5478888670585421e-07,6.169442770133331e-06,"Fatty acid, phospholipid and sterol metabolism"
slr1755,34.857988974531544,1.9754308729603352e-07,7.288936596312038e-06,"Fatty acid, phospholipid and sterol metabolism"
sll0897,34.62157075484267,2.067368834935372e-07,7.288936596312038e-06,Cellular processes
sml0008,34.53834270674263,2.1008809192610586e-07,7.288936596312038e-06,Photosynthesis and respiration
sll1188,34.47355842126815,2.1273928876018147e-07,7.288936596312038e-06,Hypothetical
sll0170,34.45860414660541,2.1335664200048984e-07,7.288936596312038e-06,Cellular processes
sll1579,34.437608935641514,2.1422681035755805e-07,7.288936596312038e-06,Photosynthesis and respiration
sll1184,33.91841011528705,2.370797153202941e-07,7.853537593041776e-06,"Biosynthesis of cofactors, prosthetic groups, and carriers"
slr1282,33.811729133668514,2.421104029907546e-07,7.853537593041776e-06,Other categories
slr0083,33.69589581736421,2.4771014630382673e-07,7.853537593041776e-06,Transcription
slr0542,33.44622540230256,2.6028629702989515e-07,8.068875207926751e-06,Translation
sll1043,32.737337498143944,3.0012480221306523e-07,9.101610849722304e-06,Transcription
slr0963,32.448981161719736,3.182734683192592e-07,9.235042181873358e-06,Amino acid biosynthesis
sll7086,32.302983125463264,3.2793444603769157e-07,9.235042181873358e-06,Unknown
slr1854,32.27549684907573,3.2979020185162744e-07,9.235042181873358e-06,Unknown
slr1265,32.224585390867624,3.332590467251599e-07,9.235042181873358e-06,Transcription
sll1196,32.161351326015556,3.376251980469829e-07,9.235042181873358e-06,Energy metabolism
slr1658,31.833462522076925,3.6133087953776944e-07,9.6933957106767e-06,Unknown
sll1252,31.28002984055431,4.057502689645951e-07,1.0679653305766228e-05,Hypothetical
slr1362,30.992367439972305,4.312626065624234e-07,1.1140950669529272e-05,Hypothetical
sll1740,30.40052573434687,4.896817575805446e-07,1.2263543018600393e-05,Translation
slr2001,30.375901318079205,4.922999347968616e-07,1.2263543018600393e-05,Other categories
slr1744,30.21665946512629,5.096192368632595e-07,1.2472260270600826e-05,Cell envelope
slr0649,29.172278857097897,6.41916383504614e-07,1.5439195775671322e-05,Translation
sll0634,28.645730660974607,7.231108060649194e-07,1.709728092306038e-05,Photosynthesis and respiration
sll0639,28.538549409441323,7.410289318239402e-07,1.7228922664906607e-05,Hypothetical
slr1666,28.44882193435973,7.564166877778736e-07,1.729838163033006e-05,Regulatory functions
ssl2874,28.358863865980968,7.722084497825761e-07,1.7374690120107965e-05,Hypothetical
sll0861,28.17134517449129,8.063424072532206e-07,1.7854724732035603e-05,Hypothetical
slr1022,27.856941040904307,8.67481088478722e-07,1.8908376850434646e-05,Amino acid biosynthesis
slr0443,27.5907432677242,9.233732605950165e-07,1.9588126183521293e-05,Hypothetical
sll1789,27.575249160258952,9.267500559945559e-07,1.9588126183521293e-05,Transcription
ssl3441,27.175587212274326,1.0188813251088766e-06,2.121402161980422e-05,Translation
sll1258,27.080777365040678,1.0422326089467449e-06,2.1381095433539845e-05,"Purines, pyrimidines, nucleosides, and nucleotides"
slr2136,26.54103025682663,1.18730287211838e-06,2.4004166762393336e-05,Other categories
sll0486,25.895672133308864,1.3917017731956662e-06,2.7734628194399354e-05,Other categories
ssr1600,25.700095248818666,1.4613127151314294e-06,2.8711707571948512e-05,Transcription
slr1055,25.60423290493891,1.4968675305680118e-06,2.895686378107748e-05,"Biosynthesis of cofactors, prosthetic groups, and carriers"
sll1101,25.555531440447744,1.5153054165008286e-06,2.895686378107748e-05,Translation
slr1176,25.19322524959281,1.6608398675955376e-06,3.130174840389842e-05,Central intermediary metabolism
slr0670,25.141481881829108,1.6828896991343238e-06,3.130174840389842e-05,Hypothetical
sll0622,24.915996308100663,1.7829305165404388e-06,3.272615882334095e-05,"Biosynthesis of cofactors, prosthetic groups, and carriers"
sll1097,24.84556345091972,1.8155477656649414e-06,3.289206666367005e-05,Translation
slr1196,24.766693856819487,1.8528771141627896e-06,3.3137994541757595e-05,Hypothetical
slr1559,24.71541057570776,1.8776161397409141e-06,3.315537360681741e-05,Amino acid biosynthesis
slr0925,24.383301387171255,2.047187479983165e-06,3.569783168220644e-05,"DNA replication, restriction, modification, recombination, and repair"
sll1526,24.257087617910074,2.116129727821817e-06,3.6366796954400175e-05,Hypothetical
sll1987,24.17949438202712,2.1598181700257503e-06,3.6366796954400175e-05,Cellular processes
slr1226,24.17258238643189,2.1637592453155653e-06,3.6366796954400175e-05,"Purines, pyrimidines, nucleosides, and nucleotides"
sll0336,23.808902536541854,2.383089103466024e-06,3.9576301182560745e-05,"Fatty acid, phospholipid and sterol metabolism"
slr0361,23.677441867292167,2.4684866411672834e-06,4.0512221934451286e-05,Translation
slr1150,23.348426576228647,2.697838768566152e-06,4.376145444360212e-05,Unknown
slr0355,23.276598188959174,2.751063408070027e-06,4.411187878457112e-05,Hypothetical
slr0752,23.149075954575785,2.848514609225082e-06,4.51554304530567e-05,Energy metabolism
sll1525,23.080927778868304,2.9021926424535566e-06,4.548942400250237e-05,Photosynthesis and respiration
sll1872,23.026549245606947,2.945847572321628e-06,4.566063737098523e-05,Regulatory functions
slr0783,22.96618667429297,2.995180068565482e-06,4.591512302910821e-05,Photosynthesis and respiration
sll0188,22.79744927968505,3.1381238372616316e-06,4.7583508184564974e-05,Unknown
slr1624,22.62432429612969,3.2928724998879037e-06,4.899105821811718e-05,Hypothetical
sll0430,22.61528191217771,3.3011895860236665e-06,4.899105821811718e-05,Cellular processes
sll2002,22.302851787117863,3.6037199586111915e-06,5.2917782550132755e-05,Hypothetical
ssr3451,22.2015155306287,3.7085003940571198e-06,5.3661659664594345e-05,Photosynthesis and respiration
slr0848,22.179883098124762,3.731312535817672e-06,5.3661659664594345e-05,Hypothetical
slr1351,22.07704308809112,3.841958264266228e-06,5.468909978215703e-05,Cell envelope
ssl2598,21.98587682131197,3.943160094935066e-06,5.556271042863048e-05,Photosynthesis and respiration
sll0179,21.93906431971827,3.996296995141928e-06,5.564048126676611e-05,Translation
ssl0242,21.911078805804998,4.028450615013174e-06,5.564048126676611e-05,Hypothetical
slr1342,21.808484544292227,4.148857207977566e-06,5.674172357969319e-05,Hypothetical
ssr2554,21.32116210411102,4.779429329901257e-06,6.387336807183752e-05,Hypothetical
sll2005,21.2846399130492,4.830900262178012e-06,6.387336807183752e-05,"DNA replication, restriction, modification, recombination, and repair"
slr0876,21.27694594585342,4.8418233190426095e-06,6.387336807183752e-05,Hypothetical
slr1818,21.268770760789927,4.853460226247152e-06,6.387336807183752e-05,Hypothetical
slr0546,21.135112300393306,5.048281194550103e-06,6.581637632147097e-05,Amino acid biosynthesis
sll0020,21.04960139132584,5.177565664332637e-06,6.687688983096323e-05,Translation
slr1468,20.90494719329973,5.404901739634447e-06,6.91728250164225e-05,Hypothetical
slr0909,20.75608135312101,5.650738542626429e-06,7.166163879058062e-05,Unknown
sll0039,20.544562984586648,6.022134269642087e-06,7.564734037176783e-05,Regulatory functions
sll0489,20.51648768306137,6.073478223396415e-06,7.564734037176783e-05,Transport and binding proteins
ssl1707,20.19461497398753,6.698965950320141e-06,8.269962389996987e-05,Hypothetical
slr2058,20.14298662670797,6.8059367365576185e-06,8.271413174928808e-05,"DNA replication, restriction, modification, recombination, and repair"
sll1734,20.13687478373161,6.818727706930559e-06,8.271413174928808e-05,Hypothetical
slr0237,20.10311994350826,6.889862806240599e-06,8.285653978194517e-05,Central intermediary metabolism
slr1506,19.979623229158925,7.1573790256503205e-06,8.526591412268109e-05,Hypothetical
sll1341,19.909840827686125,7.3137329595565995e-06,8.526591412268109e-05,Transport and binding proteins
slr0886,19.90794509339539,7.318034185921744e-06,8.526591412268109e-05,"Fatty acid, phospholipid and sterol metabolism"
slr0384,19.900610651961482,7.334702290123103e-06,8.526591412268109e-05,"Fatty acid, phospholipid and sterol metabolism"
slr0613,19.86133767017153,7.424688228613892e-06,8.55986783381519e-05,Hypothetical
slr1171,19.767873989360574,7.643914840438875e-06,8.740378034764123e-05,"Biosynthesis of cofactors, prosthetic groups, and carriers"
sll6055,19.618112641591694,8.010655469902705e-06,9.085255593914044e-05,Hypothetical
sll1742,19.28012871774432,8.913945666927213e-06,0.00010028188875293116,Regulatory functions
sll0207,19.073322765761738,9.52336505841958e-06,0.00010628075405196252,Cell envelope
sll0469,19.0418597297334,9.620155280098534e-06,0.00010645755763606071,"Purines, pyrimidines, nucleosides, and nucleotides"
sll1626,19.00554563080002,9.733256924925079e-06,0.00010645755763606071,Regulatory functions
sll1099,18.973726216066204,9.833598966659222e-06,0.00010645755763606071,Translation
sll0362,18.97030342293925,9.844462319033572e-06,0.00010645755763606071,Translation
slr0469,18.909396438710644,1.004006190990631e-05,0.00010773758741784078,Translation
sll0420,18.850395661309296,1.0233747444872777e-05,0.00010817635139538634,Central intermediary metabolism
slr1233,18.84855212736384,1.0239867156417862e-05,0.00010817635139538634,Energy metabolism
slr1622,18.826441764497662,1.031358762407626e-05,0.00010817635139538634,Central intermediary metabolism
sll1813,18.718536277128983,1.0682103670909533e-05,0.00011120548224566268,Translation
slr2052,18.63968836590254,1.0960820705876421e-05,0.00011314598130755556,Hypothetical
slr1511,18.620270234254747,1.1030719324607567e-05,0.00011314598130755556,"Fatty acid, phospholipid and sterol metabolism"
slr1878,18.569651520319226,1.1215315215270386e-05,0.00011419974252045393,Photosynthesis and respiration
slr0233,18.496971330372123,1.1486516126844286e-05,0.00011611369563005637,"Biosynthesis of cofactors, prosthetic groups, and carriers"
sll1181,18.198840670632087,1.2679474680142066e-05,0.00012725084301293656,Cellular processes
slr0161,18.1594507454864,1.2847344078212712e-05,0.00012801460706504808,Cellular processes
slr1768,18.101442137425888,1.3099164942599358e-05,0.00012951605990127148,Unknown
sll1536,18.08224852088342,1.3183713624358818e-05,0.00012951605990127148,"Biosynthesis of cofactors, prosthetic groups, and carriers"
sll1453,17.997584425822247,1.3564114579710514e-05,0.0001323212576132599,Transport and binding proteins
slr0208,17.947671556148737,1.3794194486258475e-05,0.000133631259085629,Hypothetical
slr0744,17.80305385651339,1.4486186094625104e-05,0.0001393671007034622,Translation
sll1555,17.664734410510555,1.5185039475734921e-05,0.00014508993197705626,Regulatory functions
slr1908,17.587385973039456,1.5592444949698308e-05,0.00014796912044101455,Cell envelope
slr0452,17.361059298461633,1.6857484314823958e-05,0.00015809888610362544,Amino acid biosynthesis
sll1932,17.35608792158016,1.688654769135497e-05,0.00015809888610362544,Cellular processes
ssr0102,17.29494255155931,1.724869328035825e-05,0.0001604128475073317,Hypothetical
sll1787,17.271571707605865,1.738942900403274e-05,0.00016061632807800688,Transcription
slr0556,17.25322080695117,1.7500847217101824e-05,0.00016061632807800688,Hypothetical
sll0329,17.200447920619563,1.7825792533990627e-05,0.00016217108641685072,Energy metabolism
slr1673,17.188107851557305,1.7902757927021507e-05,0.00016217108641685072,Translation
slr0821,17.145082679134322,1.8174066124893032e-05,0.00016356659512403732,Hypothetical
slr1796,17.033786147087795,1.8897747222940145e-05,0.00016804939822406942,Hypothetical
sll1289,17.026527991727455,1.894606377485412e-05,0.00016804939822406942,Hypothetical
sll1305,17.007013940445173,1.9076661397423488e-05,0.00016804939822406942,Other categories
slr1423,16.991751162461046,1.917951819351675e-05,0.00016804939822406942,Cell envelope
sll1746,16.96699186150649,1.934771137287476e-05,0.00016804939822406942,Translation
sll1581,16.96008203040836,1.9394948468871094e-05,0.00016804939822406942,Hypothetical
slr0598,16.807199507987253,2.047425286640416e-05,0.00017630606634959136,Hypothetical
sll0370,16.753688043572847,2.0867975316483512e-05,0.00017859402188033434,Energy metabolism
slr1533,16.727814351135073,2.106141714856295e-05,0.00017915046903808118,Hypothetical
sll1221,16.610846596373865,2.196164031663278e-05,0.00018567568631334987,Other categories
slr1299,16.55996250338769,2.236680325139265e-05,0.000187961991178872,Energy metabolism
slr1097,16.47339031854725,2.30757390495866e-05,0.00019181222886887142,Hypothetical
sll0698,16.470485093438413,2.3099967347649026e-05,0.00019181222886887142,Other categories
sll0661,16.452702618797787,2.324889471164006e-05,0.00019190655693927745,Hypothetical
sll1910,16.429702561943678,2.344313450681984e-05,0.00019237160374713924,Other categories
slr0985,16.296540241762195,2.460449697428005e-05,0.0002005589731814713,Cell envelope
slr1165,16.269077880621488,2.48520321415564e-05,0.0002005589731814713,Amino acid biosynthesis
slr1220,16.266855366694248,2.487218807196741e-05,0.0002005589731814713,Hypothetical
sll1180,16.22793238663493,2.5228198253087784e-05,0.00020118238733804342,Transport and binding proteins
sll1800,16.190270934607188,2.557817260307081e-05,0.00020118238733804342,Translation
slr0193,16.19018670194289,2.5578961484829777e-05,0.00020118238733804342,Translation
sll1275,16.187996626896652,2.5599482326920608e-05,0.00020118238733804342,Energy metabolism
slr0435,16.16578792571498,2.5808632738447087e-05,0.00020118238733804342,"Fatty acid, phospholipid and sterol metabolism"
sll1127,16.16513604892375,2.5814800955920983e-05,0.00020118238733804342,"Biosynthesis of cofactors, prosthetic groups, and carriers"
slr1531,16.07401054854035,2.6693714343284632e-05,0.00020687628616045592,Cellular processes
slr1994,16.028899284000072,2.7141323339009037e-05,0.00020918312739181,"Fatty acid, phospholipid and sterol metabolism"
slr0606,15.988567581934845,2.7548715344807726e-05,0.0002111563621209163,Hypothetical
slr2075,15.920496379444408,2.8252112300543268e-05,0.0002153644626188954,Cellular processes
slr0398,15.889928107526647,2.857458272005249e-05,0.00021663882007865883,Unknown
slr8030,15.861493518179962,2.887829089330157e-05,0.0002177579232224632,Hypothetical
sll1244,15.776213387419938,2.9811314520959332e-05,0.00022358485890719497,Translation
slr1970,15.74957669401994,3.0109699758192352e-05,0.0002238755113613377,Hypothetical
sll0421,15.732111207939868,3.0307184421132e-05,0.0002238755113613377,"Purines, pyrimidines, nucleosides, and nucleotides"
sll0017,15.718688129374454,3.0459958114092676e-05,0.0002238755113613377,"Biosynthesis of cofactors, prosthetic groups, and carriers"
sll1106,15.715882071919337,3.049200513165172e-05,0.0002238755113613377,Hypothetical
sll1553,15.676658813489587,3.0943981156095794e-05,0.00022456566536236132,Translation
ssl3364,15.676193779932918,3.0949385131521196e-05,0.00022456566536236132,Hypothetical
slr1227,15.665928934760673,3.106894151608296e-05,0.00022456566536236132,Cell envelope
slr1763,15.595016797217056,3.1909299520757984e-05,0.00022945089088380097,Other categories
sll1804,15.53824588621994,3.2600650987549605e-05,0.00023322004168016254,Translation
sll1326,15.454745586323796,3.364855457360127e-05,0.0002394884368886417,Photosynthesis and respiration
sll0018,15.430999928813927,3.3953483938895195e-05,0.00024043203093786192,Energy metabolism
sll0617,15.389888012642134,3.448885021828061e-05,0.0002429896265378861,Hypothetical
slr0528,15.216812885904085,3.684998956791707e-05,0.0002583202786293684,Cell envelope
sll1802,15.176435104477706,3.7426833160500454e-05,0.00026105216129449063,Translation
sll0513,15.090488255819302,3.868905628843389e-05,0.00026770560756717737,Hypothetical
slr0348,15.085449433766215,3.876453959037264e-05,0.00026770560756717737,Hypothetical
slr0653,15.050926466089733,3.928621379195345e-05,0.000269971764727956,Transcription
slr1406,15.026415655306518,3.966142134776305e-05,0.0002712141312751444,Hypothetical
sll1444,14.935253115770788,4.10929729631097e-05,0.00027963266967579527,Amino acid biosynthesis
slr0947,14.912211166495624,4.146401042905512e-05,0.00028078783761423254,Regulatory functions
slr0012,14.881404182339134,4.196602714264831e-05,0.00028281453074393425,Photosynthesis and respiration
slr0321,14.850297756059089,4.247991805816661e-05,0.00028439896941821665,Regulatory functions
slr1816,14.842558521302216,4.2608877855489096e-05,0.00028439896941821665,Hypothetical
slr1992,14.810310331076524,4.315102665117376e-05,0.0002866461056113685,"Biosynthesis of cofactors, prosthetic groups, and carriers"
slr0112,14.792895021097,4.344705427069309e-05,0.0002872447426901273,Unknown
slr1505,14.733945222212364,4.446629013122563e-05,0.00029259657892952715,Unknown
sll0927,14.638225981098905,4.61794749606349e-05,0.00030244304023514405,Translation
sll1260,14.611536615919,4.667039983373765e-05,0.0003042299428414207,Translation
slr1198,14.580393460363233,4.725073481293482e-05,0.00030658034913508866,Other categories
sll1363,14.462920156732476,4.9514526436426895e-05,0.00031912639439876287,Amino acid biosynthesis
ssr2049,14.456492881005502,4.964188357314089e-05,0.00031912639439876287,Unknown
slr1963,14.413657035172406,5.050021554915084e-05,0.00032315504904158453,Hypothetical
slr0808,14.348690159849653,5.18342664847751e-05,0.00033017717692356745,Translation
sll0542,14.33302323163262,5.216191854830874e-05,0.00033075398352223044,Energy metabolism
sll1031,14.319197606738902,5.2453011171726224e-05,0.00033109479902514963,Photosynthesis and respiration
slr1617,14.290826054490188,5.30561405961915e-05,0.0003333933159085006,Energy metabolism
slr0742,14.269898229668513,5.350606296399181e-05,0.00033471281540254966,Hypothetical
sll1806,14.228354157961595,5.441206835897204e-05,0.0003388608721462768,Translation
ssr2831,14.183228438059269,5.5415920412123413e-05,0.00034357870655516516,Photosynthesis and respiration
sll1994,14.13948446154042,5.6409094669734605e-05,0.00034795302655857486,"Biosynthesis of cofactors, prosthetic groups, and carriers"
slr0394,14.130293856085713,5.6620313282291395e-05,0.00034795302655857486,Energy metabolism
sll1528,14.105103040416866,5.7203854739106046e-05,0.00034999726912742516,Unknown
sll0577,14.047387525252557,5.856667824579692e-05,0.0003553292972420156,Hypothetical
slr1329,14.046632072568714,5.858475868506351e-05,0.0003553292972420156,Photosynthesis and respiration
sll1074,14.029192149261815,5.900391483355393e-05,0.0003563223428260075,Translation
slr2076,13.988686545102905,5.9990604230924145e-05,0.00036071936595749636,Cellular processes
slr0527,13.86709146223926,6.306664391775767e-05,0.0003771367424908384,Regulatory functions
slr1794,13.85961049941772,6.326164712749547e-05,0.0003771367424908384,Transport and binding proteins
slr0918,13.676442504288115,6.825596628448181e-05,0.0004051790339014984,Translation
ssl3432,13.621675461850336,6.983486951881113e-05,0.00041279509736754885,Translation
slr0729,13.583025371377635,7.097402239552826e-05,0.0004166678476810296,Hypothetical
slr0776,13.579216484742167,7.108741774056274e-05,0.0004166678476810296,"Fatty acid, phospholipid and sterol metabolism"
slr1363,13.563146367421545,7.156810900067692e-05,0.00041773017596629416,Hypothetical
slr6101,13.473869202912473,7.430652640067482e-05,0.0004319066847039224,Hypothetical
sll1479,13.448736117333915,7.509869926427129e-05,0.0004346999397247239,Energy metabolism
sll1941,13.366823184402225,7.774765579634701e-05,0.00044749875428978515,"DNA replication, restriction, modification, recombination, and repair"
slr1855,13.3606542491292,7.795139590854321e-05,0.00044749875428978515,Unknown
sll1306,13.332342724501943,7.889422050239647e-05,0.0004510550721346028,Unknown
slr1167,13.275566943957429,8.082412208960264e-05,0.0004602026543469211,"Fatty acid, phospholipid and sterol metabolism"
sll0288,13.262273114446616,8.128368739437604e-05,0.0004609379833949373,Cellular processes
sll1696,13.243065083407052,8.195294014453678e-05,0.0004628516255126672,Hypothetical
slr1834,13.213976719552651,8.297835752063017e-05,0.0004667532610535448,Photosynthesis and respiration
sll1835,13.14963544113084,8.529851665620894e-05,0.00047787723186912235,Hypothetical
sll0245,13.119775823469267,8.640014565015302e-05,0.0004821128127278538,Other categories
slr0758,13.093617604958768,8.737846557417289e-05,0.0004856293206213991,Other categories
sll1578,13.080118401651822,8.78882387923361e-05,0.00048652417902900343,Photosynthesis and respiration
slr0575,13.055066993981333,8.884320731723796e-05,0.0004898666964725176,Hypothetical
slr0875,13.027752934290378,8.989783953656582e-05,0.0004937302604468871,Transport and binding proteins
sll0136,13.009134295615011,9.062485256794996e-05,0.000495771252283491,Translation
sll0395,12.871151479241297,9.622502391314538e-05,0.0005243512045267102,Other categories
slr0106,12.854763645456526,9.691579210277438e-05,0.000526060427950857,Unknown
slr0298,12.832798184100092,9.78504861078022e-05,0.0005290753027921863,Other categories
sll1185,12.79367552799,9.954065442721508e-05,0.0005361359572431081,"Biosynthesis of cofactors, prosthetic groups, and carriers"
slr2072,12.752348879133265,0.00010136202828777011,0.000543846267159382,Amino acid biosynthesis
slr0476,12.72543417764493,0.0001025685097350977,0.0005482110003082809,Unknown
sll1194,12.693265976938994,0.00010403186414311504,0.0005539101163345248,Photosynthesis and respiration
sll1463,12.605366002901402,0.00010815250783040784,0.0005699936236643909,Cellular processes
slr1897,12.602812618490248,0.0001082749389823971,0.0005699936236643909,Transport and binding proteins
sll1045,12.602741346617773,0.00010827835861724988,0.0005699936236643909,"DNA replication, restriction, modification, recombination, and repair"
slr1915,12.581411323136347,0.0001093072913013704,0.0005732468848323749,Hypothetical
slr1259,12.446482596578507,0.00011607840940201077,0.0006045936698371987,Hypothetical
sll0289,12.445078414485351,0.00011615132868556936,0.0006045936698371987,Cellular processes
slr1159,12.418606709718675,0.00011753575553392254,0.0006095255723785202,"Purines, pyrimidines, nucleosides, and nucleotides"
slr1894,12.212980723836875,0.0001289489322933564,0.0006662361501823415,Translation
ssr0482,12.2010068394357,0.00012965123448657338,0.000667392886010221,Translation
sll1533,12.12960388199999,0.00013393020132907322,0.000686884672257563,Cellular processes
slr1751,12.098975440871685,0.00013581448636990694,0.0006939971006813926,Translation
sll1089,12.021967428095447,0.00014068608206923604,0.0007123019965946046,Unknown
slr0731,12.0206514999562,0.00014077103042927332,0.0007123019965946046,Hypothetical
sll0319,12.018213489887891,0.00014092856706817984,0.0007123019965946046,Hypothetical
sll1342,11.98014326604087,0.00014341461489381682,0.0007222504973894384,Photosynthesis and respiration
sll1967,11.888677750505742,0.00014959294585691668,0.0007506552498935207,Translation
sll1833,11.851977123340076,0.00015215626146041134,0.0007607813073020567,Other categories
ssr1765,11.812130154788056,0.00015499577768335814,0.000772211106672445,Hypothetical
slr1962,11.746077631005804,0.00015983583009323302,0.0007934910426336657,Cell envelope
slr0737,11.726216907884805,0.00016132442102804589,0.0007959201359877773,Photosynthesis and respiration
slr1034,11.723853230472185,0.00016150262463334312,0.0007959201359877773,Hypothetical
sll1027,11.716785784642449,0.00016203678754159767,0.0007959201359877773,Amino acid biosynthesis
sll0416,11.701854461590054,0.00016317189563420042,0.0007986834891568756,Cellular processes
sll1823,11.68009874519511,0.00016484195262741347,0.0008040367969064399,"Purines, pyrimidines, nucleosides, and nucleotides"
sll0454,11.584138918400303,0.00017244279972289232,0.0008381801589318284,Translation
slr2099,11.526064262514973,0.0001772351713033795,0.0008584828610007443,Regulatory functions
slr0191,11.469109346735214,0.00018208203541651555,0.0008789080948305853,Cell envelope
sll0169,11.45609026018518,0.0001832109124683045,0.0008807380505857682,Cellular processes
sll1292,11.450204612774787,0.0001837238514125151,0.0008807380505857682,Regulatory functions
sll0860,11.426825936589196,0.0001857774327194313,0.0008875325980945435,Hypothetical
sll0753,11.285252687707288,0.0001987824326075508,0.0009464214794796364,"Biosynthesis of cofactors, prosthetic groups, and carriers"
sll0588,11.199379141671212,0.00020717164459212325,0.000983008313625891,Unknown
slr0809,11.181790090722856,0.00020893898263378517,0.0009880334941495944,Cell envelope
sll0480,11.167442385596724,0.00021039327210303847,0.000991549373593712,Other categories
sll1327,11.147631197231608,0.0002124202078171844,0.0009975976048055759,Photosynthesis and respiration
sll1799,11.140968234340193,0.00021310687185094023,0.0009975976048055759,Translation
sll0036,11.057916663255314,0.00022188009923928892,0.0010351931051465152,Hypothetical
slr0635,10.948911571159377,0.0002340219041006313,0.001088201854067935,Hypothetical
ssl3044,10.915919079829465,0.00023784377855410845,0.0011022992394783431,Photosynthesis and respiration
slr0426,10.867224888121099,0.0002436142867277889,0.0011253044039247202,"Biosynthesis of cofactors, prosthetic groups, and carriers"
sll1336,10.822990401932962,0.00024899391798245885,0.0011463581372459738,Hypothetical
slr0194,10.765854041182857,0.00025614268068908594,0.0011753915775041936,Energy metabolism
slr0662,10.746333277345435,0.0002586380738214472,0.0011793856145413078,Energy metabolism
slr1844,10.74582090492978,0.0002587039412542224,0.0011793856145413078,"DNA replication, restriction, modification, recombination, and repair"
sll0616,10.731480520630877,0.0002605551741608745,0.0011839559216756349,Cellular processes
sll0535,10.720948570662854,0.00026192431482508464,0.0011863130492889384,Translation
sll2001,10.678734679652047,0.0002674943706269436,0.001204062555185031,Translation
sll0446,10.678172436285333,0.00026756945670778465,0.001204062555185031,Unknown
slr2051,10.67034915332357,0.0002686167132033551,0.0012048884724073323,Photosynthesis and respiration
slr0213,10.64869286965352,0.00027153998146891905,0.0012140970325293017,"Purines, pyrimidines, nucleosides, and nucleotides"
sll0708,10.635565516936335,0.0002733294889938697,0.0012151537520521695,Other categories
sll1261,10.634184816193264,0.0002735184789565457,0.0012151537520521695,Translation
slr1557,10.564275435075558,0.00028328375594673143,0.0012545423477640966,Hypothetical
sll1151,10.543056469955381,0.0002863253081533205,0.0012639993825122851,Unknown
slr0374,10.534858323506732,0.0002875103217021795,0.0012652268100143231,Hypothetical
sll1033,10.508815037302904,0.00029131175834160283,0.0012771050197196154,Other categories
slr0479,10.50386640135025,0.00029204050271724536,0.0012771050197196154,Hypothetical
sll0258,10.459567228989233,0.00029865674513367146,0.0013019567483170992,Photosynthesis and respiration
sll1772,10.416549413608141,0.0003052443402240607,0.0013265291420952172,"DNA replication, restriction, modification, recombination, and repair"
slr0304,10.383370094705443,0.00031043767992350584,0.0013449085822773,Hypothetical
sll1427,10.368778002437212,0.000312753275480649,0.0013507455705743204,Translation
slr1501,10.339344735063037,0.0003174836980002771,0.001366943699723415,Other categories
sll0271,10.313472765845138,0.00032170868376421,0.0013808726580033016,Transcription
sll0080,10.27609132101525,0.00032792602728549654,0.0013993831895289467,Amino acid biosynthesis
sll1173,10.275488141913607,0.0003280274573304413,0.0013993831895289467,Hypothetical
slr0638,10.244730864079296,0.00033324692837877705,0.0014173154423426644,Translation
sll0038,10.212314412422355,0.00033884989659132214,0.0014316744182667587,Regulatory functions
slr0009,10.211456217018386,0.00033899967119712873,0.0014316744182667587,Photosynthesis and respiration
slr1811,10.207437883431588,0.00033970195874286535,0.0014316744182667587,Hypothetical
slr0769,10.195539508287752,0.0003417911184376395,0.0014361403922304432,Hypothetical
sll1356,10.182999834356249,0.00034400862486064454,0.0014406785764904282,Central intermediary metabolism
slr0076,10.177779030438248,0.00034493666275828175,0.0014406785764904282,Hypothetical
sll1294,10.162430204384677,0.0003476814782823025,0.0014478079468770507,Cellular processes
sll1058,10.097138465331662,0.00035963695309421936,0.0014931355641858216,Amino acid biosynthesis
slr0523,10.060290804964808,0.0003665889887326016,0.0015174826091453387,"Biosynthesis of cofactors, prosthetic groups, and carriers"
sll0554,10.05389232860514,0.00036781161299358217,0.0015180390536273585,"Biosynthesis of cofactors, prosthetic groups, and carriers"
slr1541,10.040652050435066,0.00037035624799971366,0.0015214536312856829,Hypothetical
slr1793,10.038248895240779,0.00037082023988324885,0.0015214536312856829,Energy metabolism
sll1340,9.995106882123986,0.0003792628155906687,0.0015515297001436447,Hypothetical
sll0781,9.974393390694518,0.0003833933951115688,0.0015638414800603466,Hypothetical
slr1710,9.966538150705404,0.0003849731362175767,0.0015657070700394152,Other categories
sll1530,9.933385188734176,0.00039172202690256183,0.0015885239172356792,Unknown
sll1568,9.848206150956116,0.00040968397211505625,0.001656548235073923,Cell envelope
slr1702,9.819440127001073,0.0004159589719375311,0.0016770600169157687,Hypothetical
slr0209,9.801619940824443,0.0004199007610483978,0.0016880736647334725,Unknown
slr0677,9.778252132189102,0.00042513385676095516,0.0017042003740848632,Transport and binding proteins
sll0379,9.73595229187526,0.0004347954009453127,0.0017379357716868515,Cell envelope
slr0172,9.728982638104881,0.0004364110242088306,0.0017394096536323394,Hypothetical
sll1178,9.680805145546039,0.00044776646715348516,0.0017757357159601075,Energy metabolism
sll1239,9.675512274087474,0.0004490342432725202,0.0017757357159601075,Unknown
slr1678,9.66442399867905,0.0004517033475826677,0.0017757357159601075,Translation
slr0156,9.661591616088671,0.0004523880160360329,0.0017757357159601075,Translation
slr0937,9.659394175684774,0.0004529200092465917,0.0017757357159601075,Unknown
slr1397,9.658392844196532,0.00045316266299770476,0.0017757357159601075,Unknown
slr1517,9.524045510104255,0.00048709350821346076,0.0019033485825147832,Amino acid biosynthesis
sll1920,9.5178724334067,0.0004887202755307116,0.0019043709060484434,Transport and binding proteins
slr0444,9.473489823433695,0.0005005988063364913,0.00194522377392592,Amino acid biosynthesis
sll1323,9.45262389087,0.0005062959328547085,0.0019618247149873888,Photosynthesis and respiration
slr0287,9.447581450340104,0.0005076836717637614,0.0019618247149873888,Hypothetical
sll1370,9.436648824707985,0.0005107072573151981,0.0019650645188764642,Energy metabolism
ssl2245,9.434372495707708,0.0005113393694280692,0.0019650645188764642,Unknown
slr1719,9.421735838774698,0.0005148645627592461,0.001973176002882276,Other categories
slr1720,9.415875122207881,0.0005165088241940322,0.0019740542732895197,Translation
slr0257,9.408937349626402,0.0005184629410379289,0.001976108750677352,Translation
slr0943,9.38570648147842,0.0005250673514709262,0.00199415183682598,Energy metabolism
sll1693,9.382257990169718,0.0005260558250551688,0.00199415183682598,Hypothetical
slr1177,9.374590357285307,0.0005282612212960848,0.0019970851048998327,Hypothetical
slr0417,9.311675589667836,0.0005467571601048414,0.002061422265800686,"DNA replication, restriction, modification, recombination, and repair"
sll0928,9.260461065042954,0.0005623550970728834,0.0021131948047846344,Photosynthesis and respiration
ssr1698,9.25670529859782,0.0005635186146092357,0.0021131948047846344,Hypothetical
slr0650,9.221962750200317,0.0005744117044293994,0.0021482689750107566,Hypothetical
slr1560,9.186499938915613,0.0005857768400442106,0.002184916288400197,Translation
slr2034,9.103086325814392,0.0006135256369179871,0.002282315369334911,Photosynthesis and respiration
slr0404,9.077102107841704,0.0006224710445605385,0.0023094337956434874,Hypothetical
slr1600,9.013829397210293,0.0006448768921587306,0.00238621555586586,Hypothetical
slr0244,8.98251370058614,0.0006563026221007367,0.0024220692006098623,Hypothetical
sll0886,8.971966498341668,0.0006602022257077487,0.002428431897186144,Hypothetical
sll0414,8.96504910099104,0.0006627740096123515,0.002428431897186144,Hypothetical
slr0228,8.963774446310154,0.0006632491418121296,0.002428431897186144,Cellular processes
slr1463,8.896579651190288,0.0006888501378897165,0.002515565294126059,Translation
slr0072,8.886902053214556,0.0006926285075954647,0.002518828324696313,Cellular processes
slr0676,8.882967488384375,0.0006941713523718169,0.002518828324696313,Amino acid biosynthesis
sll0915,8.880450146495098,0.0006951605053821368,0.002518828324696313,Other categories
sll1821,8.867681361059462,0.0007002024192179848,0.0025305242870701772,Translation
slr0376,8.855870542263881,0.0007049028999601065,0.0025409290579957327,Hypothetical
ssr1604,8.851151268372961,0.0007067910475862916,0.0025411688437703014,Translation
slr0950,8.828342621260306,0.0007159975965049265,0.0025676520491629113,Cellular processes
sll0149,8.801132130795464,0.000727158752134789,0.0026009909210975147,Hypothetical
sll1213,8.79484386676808,0.0007297659576221009,0.002603640692794964,Cell envelope
slr0357,8.761069734883662,0.0007439512906290556,0.0026474797204783995,Translation
slr0774,8.750277355839811,0.0007485496731483979,0.0026570656336946945,Cellular processes
sll0058,8.674629285327462,0.0007816984669100334,0.0027676887343642048,Cellular processes
slr0342,8.6302916730856,0.0008018969520854488,0.00283201581812456,Photosynthesis and respiration
slr0073,8.605538196306012,0.0008134299366331344,0.00286549182223036,Regulatory functions
sll0019,8.583818068169034,0.0008237042529677652,0.0028943764052645647,Other categories
sll0051,8.53872724490624,0.0008455054705501347,0.0029635179181342662,Hypothetical
slr1618,8.529902665265771,0.0008498480133812032,0.002971273129490673,Unknown
slr1645,8.485259000750705,0.0008722070307816193,0.003041822019850897,Photosynthesis and respiration
sll0224,8.45175119183816,0.0008894259393034547,0.0030941376192726165,Transport and binding proteins
slr1550,8.43365595754145,0.0008988842414614729,0.003119262479698395,Translation
sll1577,8.423084728300685,0.0009044623582722313,0.0031308312401731077,Photosynthesis and respiration
sll0195,8.404969100949067,0.000914112636518592,0.0031564037820382075,Translation
slr0597,8.394682621269382,0.0009196440634814804,0.0031676628853250987,"Purines, pyrimidines, nucleosides, and nucleotides"
sll0635,8.380506392303415,0.0009273292549835567,0.0031862667751282304,"Biosynthesis of cofactors, prosthetic groups, and carriers"
slr1756,8.370690878968691,0.0009326929507407572,0.0031968222758804827,Amino acid biosynthesis
slr1867,8.357344448312094,0.0009400424615805936,0.0032141157693748247,Amino acid biosynthesis
sll1809,8.288507575506728,0.000979003920429032,0.0033391454009743266,Translation
slr0585,8.259399057112084,0.000996025754040557,0.0033869097169510897,Amino acid biosynthesis
sll0408,8.256289670773024,0.0009978637230587085,0.0033869097169510897,Translation
slr0557,8.202208423510017,0.0010304524239342413,0.0034890318723016177,Translation
slr1535,8.192027050181329,0.0010367212080673253,0.003501758075675348,Hypothetical
sll1502,8.123032161854919,0.0010803555226088619,0.003636417052836247,Amino acid biosynthesis
slr0898,8.120799964059941,0.0010818014888365893,0.003636417052836247,Amino acid biosynthesis
slr1643,8.081809090160688,0.0011074149470483648,0.0037135669498376657,Photosynthesis and respiration
slr1934,8.053506731720967,0.0011264364061732654,0.0037682944523062477,Energy metabolism
slr0063,8.04785551064355,0.0011302785419252158,0.003772101832501617,Cellular processes
slr0105,8.025939702040827,0.0011453193017268426,0.003813175240832805,Hypothetical
slr2024,8.012906278159878,0.001154371286257636,0.0038341617722128627,Regulatory functions
slr0513,8.00320275299177,0.0011611630908224119,0.0038475594102072796,Transport and binding proteins
sll0982,7.970411189432119,0.0011844512691035368,0.003915425403790127,Unknown
sll1019,7.949871967552736,0.0011993066259049887,0.003955160149261133,Energy metabolism
slr1385,7.926200223788816,0.0012166893835708454,0.0040030228539653994,Unknown
slr0719,7.915416610531717,0.0012247023014010944,0.004019905201069474,Unknown
sll0034,7.897397389886745,0.0012382251532609048,0.004054751382157188,Other categories
sll0401,7.873480194942997,0.001256435575359964,0.004104748542452341,Energy metabolism
slr0362,7.862456207986923,0.0012649309083969259,0.004122847236480635,Hypothetical
ssr1528,7.842134957546972,0.001280761547620413,0.004164714123381063,Hypothetical
slr1330,7.824080041168193,0.0012950146396627845,0.004201268424022289,Photosynthesis and respiration
sll0504,7.804829378695343,0.0013104094247488596,0.004241348370126819,Amino acid biosynthesis
slr0626,7.799883474787331,0.0013143979825196476,0.0042444101518863625,Other categories
sll0221,7.773018459147003,0.0013363039400211176,0.00429863120728804,Transport and binding proteins
sll0728,7.7717457172427675,0.0013373519311562793,0.00429863120728804,"Fatty acid, phospholipid and sterol metabolism"
slr0293,7.758213770509903,0.0013485519021596937,0.004321989650765228,Energy metabolism
slr0869,7.755494401767828,0.0013508154033932901,0.004321989650765228,Hypothetical
sll1130,7.718391427492637,0.0013821312332208669,0.004412066522524277,Unknown
sll1343,7.6764258637420735,0.0014185438103688193,0.004517964875489733,Translation
sll1092,7.6669063784938025,0.0014269536725286,0.00453414378667935,Hypothetical
slr0608,7.663333953964362,0.0014301242051175012,0.00453414378667935,Amino acid biosynthesis
sll1435,7.654627698664317,0.0014378844022335411,0.0045484098437999785,Translation
sll1747,7.650506967649826,0.0014415739332009627,0.0045497638841976076,Amino acid biosynthesis
slr1839,7.630031622908777,0.0014600660163776814,0.004597724814552746,Photosynthesis and respiration
slr0743,7.583315911534399,0.001503268467029079,0.004723107007895417,Transcription
slr1616,7.577540660692215,0.001508708975963174,0.0047282981497906605,Unknown
ssl3436,7.574376015854804,0.0015116996235173005,0.0047282981497906605,Translation
slr0534,7.51509074101355,0.0015689817508652759,0.004896486672163444,Cell envelope
sll0088,7.495796659469215,0.0015881496306772585,0.0049452427115954795,Hypothetical
sll1945,7.452841868927371,0.0016317807861432757,0.005069786629554276,Other categories
slr1861,7.414726441100626,0.00167163250172218,0.005182060755338758,Transcription
sll0735,7.4039072027689405,0.0016831440433141525,0.005206177251492778,Hypothetical
sll0921,7.327269605036025,0.0017672965046948372,0.0054543774868347295,Regulatory functions
sll1499,7.307163572857496,0.001790153878638716,0.005512725520311277,Amino acid biosynthesis
sll0314,7.285623531396756,0.0018150126410932921,0.005558043630041772,Hypothetical
slr6050,7.283001160058168,0.001818065575144537,0.005558043630041772,Hypothetical
slr0930,7.280109556582544,0.001821438670094111,0.005558043630041772,Hypothetical
slr1718,7.277364511949577,0.0018246473418432896,0.005558043630041772,Hypothetical
slr1840,7.277241409431933,0.0018247913853470478,0.005558043630041772,Hypothetical
slr1900,7.270940741696715,0.0018321810358686613,0.005568393344306717,Hypothetical
slr1042,7.262851797802853,0.0018417176278099085,0.005585208893032222,Regulatory functions
slr1847,7.249866036615661,0.0018571448514927262,0.005618152284865158,Hypothetical
sll0757,7.246944802574038,0.001860635380363945,0.005618152284865158,"Purines, pyrimidines, nucleosides, and nucleotides"
sll1041,7.230454433670991,0.0018804788972590183,0.0056658057487609746,Transport and binding proteins
ssr3402,7.216823430737923,0.001897062129639075,0.0056925136317240955,Unknown
sll1852,7.214767311233463,0.0018995778710491175,0.0056925136317240955,"Purines, pyrimidines, nucleosides, and nucleotides"
slr2060,7.213128923118798,0.0019015851988411672,0.0056925136317240955,Hypothetical
slr0399,7.188173945053634,0.0019324576250165078,0.005772544725691711,Hypothetical
sll1338,7.1402996805632535,0.0019932815379968822,0.005941512276721474,Unknown
sll0216,7.12663280320517,0.0020110396951875864,0.0059816639121251245,Hypothetical
sll1380,7.12265111656596,0.0020162468777499853,0.005984392328640912,Hypothetical
sll0529,7.11636282997056,0.002024501626134182,0.005996135389505699,Hypothetical
slr1724,7.085326361111272,0.0020658067390629514,0.0060999195680762975,Hypothetical
slr1950,7.083484202192709,0.002068288140286802,0.0060999195680762975,Transport and binding proteins
sll0550,7.078346985786249,0.0020752258022534295,0.006107468342074966,Other categories
sll0145,7.038278930225436,0.002130247158142704,0.006256199548650678,Translation
slr1234,7.022494116723305,0.002152373516199412,0.006297614596540373,Regulatory functions
sll0086,7.021781950595906,0.0021533778943009017,0.006297614596540373,Other categories
sll1430,6.997088965656152,0.0021885321536484234,0.006387034214099478,"Purines, pyrimidines, nucleosides, and nucleotides"
slr0322,6.936828958920053,0.002277073797297023,0.006631561476470451,Regulatory functions
slr0288,6.909537592063988,0.0023184986967231913,0.006738136837351775,Amino acid biosynthesis
slr0592,6.861572003628779,0.0023933825017140907,0.006941306839690553,Hypothetical
slr1735,6.837600874791727,0.002431826566131502,0.0070381702484511345,Transport and binding proteins
sll0078,6.805546369321696,0.0024843282797049875,0.007175233851321859,Translation
sll1091,6.8005301144656265,0.0024926595481160442,0.007184421631450169,"Biosynthesis of cofactors, prosthetic groups, and carriers"
slr0302,6.7950068644264565,0.0025018693550125488,0.007196098454108258,Unknown
sll1582,6.745312200476317,0.002586482847142421,0.007424163727908802,Unknown
sll0422,6.716089252928724,0.0026377454704472423,0.0075557596124720796,Energy metabolism
sll0208,6.71263984038527,0.0026438716922014536,0.007557788956190631,Hypothetical
sll1104,6.708459453287098,0.0026513176692725443,0.007563574946084252,Transport and binding proteins
slr0661,6.666228210990153,0.00272788051442958,0.0077575381910781685,Amino acid biosynthesis
slr1986,6.664844487058464,0.002730431004888445,0.0077575381910781685,Photosynthesis and respiration
slr1452,6.653463952812192,0.002751510064237835,0.007801537682137764,Transport and binding proteins
slr1105,6.650391717498428,0.0027572318997265487,0.0078019036513560566,Translation
sll1382,6.6090070620248245,0.0028356312824884032,0.008007501293666645,Photosynthesis and respiration
slr1610,6.6040654428028,0.0028451596840794297,0.008018177291496575,Other categories
sll1388,6.581857989397452,0.002888428312853762,0.008123704629901207,Hypothetical
slr0049,6.571129811362176,0.0029095965150034513,0.008166774926418138,Hypothetical
sll1393,6.565907456533227,0.0029199642522500647,0.008167477410774837,Central intermediary metabolism
slr0303,6.565107307682613,0.002921556435825551,0.008167477410774837,Hypothetical
slr1655,6.540352476018272,0.002971302331840018,0.008288339426143458,Photosynthesis and respiration
ssr3341,6.53592565643834,0.0029802985723937103,0.008288339426143458,Hypothetical
slr0659,6.534788781467513,0.0029826139010208,0.008288339426143458,Translation
slr1984,6.530844390758957,0.002990662687864455,0.008294183796363647,Translation
sll5066,6.503408493964042,0.0030473302300074914,0.008434574743770734,Other categories
slr0845,6.481113111723184,0.003094273265891673,0.00854719241503077,Hypothetical
slr1127,6.476955295043178,0.0031031175263325304,0.00854719241503077,Unknown
sll0141,6.475416042048554,0.003106398963742366,0.00854719241503077,Hypothetical
slr0738,6.4506189407141665,0.0031598055309630967,0.008677025030892757,Amino acid biosynthesis
slr1140,6.416236106000374,0.003235579560415649,0.008851187417781979,Other categories
slr1270,6.416084590330852,0.0032359179806944875,0.008851187417781979,Hypothetical
slr1703,6.382950893952433,0.003310892534703567,0.009038542242488212,Translation
ssr3304,6.3643252331207565,0.003353897663357937,0.00913806101637563,Hypothetical
sll1545,6.360315682787143,0.003363237585966917,0.00914564606710302,"Biosynthesis of cofactors, prosthetic groups, and carriers"
slr0574,6.357303417270924,0.003370273714086645,0.009146949087842159,"Fatty acid, phospholipid and sterol metabolism"
ssl1326,6.354222351921631,0.0033774877271154397,0.009148728891895221,Unknown
slr1277,6.3357807944555775,0.003421032648574056,0.00923054539250815,Cellular processes
slr1874,6.334311532390517,0.003424529070327773,0.00923054539250815,Cell envelope
sll0381,6.3330463711694405,0.003427543020300518,0.00923054539250815,Hypothetical
sll0754,6.319891315210088,0.003459059770753554,0.00929747279422198,Translation
sll1108,6.315864931503294,0.003468771370633613,0.009305646273142095,Other categories
slr1364,6.288252186135557,0.0035362076509810984,0.009468348700803516,"Biosynthesis of cofactors, prosthetic groups, and carriers"
ssl2982,6.270277715951858,0.0035808993786680147,0.00956964489126797,Hypothetical
slr0940,6.258752461775688,0.00360989083565517,0.009628676320724594,"Biosynthesis of cofactors, prosthetic groups, and carriers"
sll1053,6.2519505073080754,0.003627125125452918,0.00965618234734126,Hypothetical
slr1945,6.246996643885657,0.0036397352584744453,0.00967129654394638,Energy metabolism
slr2067,6.2286351589284505,0.003686907799259837,0.009762410370105359,Photosynthesis and respiration
slr0039,6.227533889452298,0.0036897589134814892,0.009762410370105359,Hypothetical
sll1561,6.2255043245355415,0.003695019839007619,0.009762410370105359,Energy metabolism
slr0665,6.220656956955308,0.003707619177228025,0.00977718100611171,Other categories
sll0643,6.208133525596671,0.003740395098279749,0.009840771544128893,Central intermediary metabolism
sll0585,6.206064272413,0.0037458420716361593,0.009840771544128893,Hypothetical
slr1128,6.198176318462878,0.003766688020884697,0.009876935693861187,Hypothetical
slr1842,6.193802392716953,0.0037783036062895288,0.00988880587387222,Amino acid biosynthesis
slr0965,6.186604006709709,0.003797507991032688,0.009920456268708987,"DNA replication, restriction, modification, recombination, and repair"
slr1508,6.1552419126791325,0.0038824725202870826,0.010110666808990271,Other categories
slr0114,6.1543881227342565,0.00388481534739698,0.010110666808990271,Unknown
sll0485,6.129589141031484,0.003953565099457972,0.010270434476245573,Regulatory functions
slr2131,6.126766721410884,0.0039614762149386825,0.010271857471820562,Transport and binding proteins
sll0166,6.122230431629896,0.0039742286552418345,0.010278514858444185,"Biosynthesis of cofactors, prosthetic groups, and carriers"
slr1859,6.120615422061646,0.0039787799452042005,0.010278514858444185,Transcription
slr1503,6.101128497991238,0.0040341621855173385,0.010402322086500344,Hypothetical
slr1835,6.096923236406162,0.00404622732298348,0.010414182870040506,Photosynthesis and respiration
sll1051,6.091516642906293,0.004061798967773366,0.0104350083978708,Photosynthesis and respiration
slr1881,6.070171496870643,0.004123938919372285,0.010575174250963852,Transport and binding proteins
slr1030,6.061583600391855,0.004149241763403891,0.010620536256786106,"Biosynthesis of cofactors, prosthetic groups, and carriers"
sll1471,6.0527029486774735,0.004175591389980709,0.010668406573302362,Photosynthesis and respiration
sll1249,6.043161980958338,0.004204110636314661,0.010711156337463841,"Biosynthesis of cofactors, prosthetic groups, and carriers"
slr0709,6.0419729904653225,0.004207680052279702,0.010711156337463841,Hypothetical
sll1682,6.037517345623798,0.004221086569169043,0.010725711774118062,Energy metabolism
sll1812,6.018445420212934,0.00427901855649422,0.010834870111913144,Translation
slr6056,6.0157461488387645,0.004287289908843893,0.010834870111913144,Regulatory functions
slr1269,6.015727716475563,0.004287346452886062,0.010834870111913144,"Biosynthesis of cofactors, prosthetic groups, and carriers"
slr0201,5.98897726663584,0.00437030047616699,0.011024537367546024,Other categories
slr0543,5.952518753332889,0.004486288434397517,0.011296701021632737,Amino acid biosynthesis
slr1289,5.943004712623235,0.004517124227376748,0.011353852787730745,Energy metabolism
sll1123,5.92332456357974,0.00458167034364684,0.011495377930552771,Hypothetical
slr1239,5.881726211657878,0.004721552628582345,0.011825073459375892,"Biosynthesis of cofactors, prosthetic groups, and carriers"
ssr3383,5.871527727250703,0.0047565774145218575,0.011891443536304645,Photosynthesis and respiration
sll8049,5.849535833108616,0.0048331054167335035,0.01206114858022046,"DNA replication, restriction, modification, recombination, and repair"
sll0042,5.8439288399994735,0.004852838103682801,0.0120696755826346,Cellular processes
slr0075,5.84364865868308,0.0048538265246293975,0.0120696755826346,Transport and binding proteins
slr1219,5.833668911606575,0.004889181371376481,0.012135957318630231,Central intermediary metabolism
sll1641,5.827446635164548,0.004911371615536381,0.012152090694563831,Energy metabolism
slr2049,5.826962383965935,0.0049131033345763435,0.012152090694563831,Hypothetical
slr5051,5.819894526583207,0.004938456995761452,0.012193181432012791,Unknown
sll1481,5.808510659632617,0.004979603518452843,0.012273051074632007,Transport and binding proteins
sll1956,5.795912013078919,0.00502559178346917,0.012364551213297164,Hypothetical
sll1580,5.792533815389677,0.005038004294795225,0.012373267590210105,Photosynthesis and respiration
sll0680,5.759907956535348,0.005159675781335514,0.01261084447162834,Transport and binding proteins
slr5073,5.759619072931344,0.005160767799672003,0.01261084447162834,Unknown
ssl3445,5.75933068525229,0.005161858203082281,0.01261084447162834,Translation
sll1818,5.7357589635779656,0.005251867660587843,0.012808313612797276,Transcription
sll1669,5.730033922862242,0.005273994951668747,0.012839830641497213,Amino acid biosynthesis
sll0572,5.724912986541043,0.0052938764009596365,0.01286577975494546,Hypothetical
sll1135,5.722304412746128,0.0053040363410903095,0.012868053384036491,Unknown
sll0227,5.703398515250241,0.00537833152129035,0.01302564665312507,Translation
sll1667,5.69954982330062,0.0053935990755712045,0.013039983900211143,Hypothetical
sll0148,5.6906615617987075,0.0054290452681169405,0.013102972576164593,Hypothetical
sll1214,5.617947116757212,0.005729089223664535,0.013803246057015588,Hypothetical
slr1753,5.575964683281658,0.005910804811090189,0.014216504674949676,Hypothetical
slr0971,5.563455053173375,0.0059661998950342136,0.014325041056063213,Hypothetical
slr1808,5.529313101722712,0.006120386270304661,0.014669998019029212,Translation
slr0458,5.516345899889099,0.006180118454679595,0.014787761997046373,Unknown
sll0220,5.48807701288096,0.006312625635252882,0.01507896020749618,Central intermediary metabolism
sll1596,5.481171114204963,0.006345480513131421,0.015131530454390309,Other categories
slr0739,5.473748784921795,0.0063810071677578425,0.015168024118686048,"Biosynthesis of cofactors, prosthetic groups, and carriers"
sll1950,5.473431550611856,0.006382530578973986,0.015168024118686048,Unknown
sll0374,5.413146723558191,0.006679603478235114,0.015847018456016982,Transport and binding proteins
slr2002,5.3796447855315925,0.006851406154323673,0.016227014576029753,Other categories
slr1734,5.356483873425623,0.0069730865890085215,0.016487213206215063,Energy metabolism
slr0609,5.353320616384251,0.006989893412737708,0.016498986989457027,Hypothetical
ssl0258,5.3364071901023555,0.0070805341059976485,0.01668470452342351,Hypothetical
sll5052,5.333246764510061,0.0070976174339685266,0.016696756020887174,Other categories
slr0634,5.3267977216754785,0.0071326211318909205,0.01675085265822868,Unknown
slr0165,5.316593542951051,0.007188404387518711,0.016853485916955634,Translation
slr0380,5.302808820358656,0.0072645428024077875,0.017003418136508158,Hypothetical
slr1919,5.2998114303372645,0.007281218444588191,0.017013902395645767,Hypothetical
sll0202,5.293452565973769,0.007316738111064549,0.017068310476480008,Cellular processes
slr1677,5.285145915588098,0.007363431945587948,0.017148560207170597,Hypothetical
slr0549,5.265534120366207,0.0074750114201637295,0.017379401551880672,Amino acid biosynthesis
sll1958,5.258494566403004,0.007515525390298294,0.01744038180753332,Amino acid biosynthesis
slr1020,5.256639349511937,0.007526243618734809,0.01744038180753332,"Fatty acid, phospholipid and sterol metabolism"
slr1056,5.2519674963601215,0.007553310810796371,0.017474077248857273,Unknown
sll1283,5.244910811671283,0.007594402885809363,0.017540053022688844,Other categories
slr1476,5.237632245072595,0.0076370507648465796,0.017609398044563598,"Purines, pyrimidines, nucleosides, and nucleotides"
ssl0601,5.226635249488848,0.00770199849667812,0.017729848024531314,Translation
slr1944,5.219083308862707,0.007746959843211853,0.017803968667677982,Hypothetical
slr1116,5.211154950936202,0.007794480289602331,0.017883717111834296,Hypothetical
slr0746,5.1978714019592855,0.007874835268733688,0.01803841576335549,Other categories
sll1296,5.177663886993885,0.007998868554956157,0.018275761825944783,Regulatory functions
sll1456,5.176730157213474,0.008004652670718466,0.018275761825944783,Unknown
slr1679,5.164747634042151,0.008079299248621424,0.01841604975788707,Hypothetical
sll0413,5.140006389868665,0.008235918947894607,0.018742425664458363,Hypothetical
sll1879,5.100248964508205,0.008494802382092671,0.019300080330650282,Regulatory functions
sll1665,5.095852975002859,0.008523984947383226,0.01933489268552781,Unknown
slr0387,5.0741564273347874,0.00866967822610708,0.019633443385421064,Amino acid biosynthesis
slr1603,5.0601990820074105,0.008764882297120222,0.019816873264963872,Hypothetical
slr0250,5.055961081684633,0.008794022310362264,0.019849897186544202,Hypothetical
sll0254,5.053941476652093,0.008807947210373378,0.019849897186544202,"Biosynthesis of cofactors, prosthetic groups, and carriers"
sll1172,5.051726656635959,0.008823246608720955,0.01985230486962215,Amino acid biosynthesis
slr0559,5.0424274145235115,0.008887810363560225,0.01996537110654833,Transport and binding proteins
slr0164,5.0034021324793185,0.009164614926007852,0.0205343336463356,Translation
slr1238,5.002582668631868,0.009170530366786438,0.0205343336463356,"Biosynthesis of cofactors, prosthetic groups, and carriers"
sll0518,4.987506822136225,0.00928012770857417,0.020737767678936283,Unknown
sll1810,4.986006559491832,0.009291114551494749,0.020737767678936283,Translation
sll1745,4.96932334445358,0.009414281129188141,0.020979108906098172,Translation
sll1455,4.937831410356539,0.009651811778202159,0.021474126683559837,Hypothetical
sll1594,4.932845522271296,0.009690032638590744,0.02152154462377989,Regulatory functions
slr1459,4.931031650768405,0.009703979618894302,0.02152154462377989,Photosynthesis and respiration
slr0816,4.900564713370041,0.009941647744755854,0.02201364857767368,Hypothetical
slr2123,4.897917918225838,0.00996260202920899,0.022025086895002443,Other categories
slr0983,4.894214104520502,0.009992007972781249,0.022038367829081532,Cell envelope
sll0821,4.893183757290943,0.010000205617067102,0.022038367829081532,Hypothetical
sll1085,4.854978226705389,0.010309580682669937,0.022642804630365145,"Fatty acid, phospholipid and sterol metabolism"
slr1273,4.8539406526886735,0.010318131360772514,0.022642804630365145,Hypothetical
slr1353,4.8533295575782915,0.01032317114330626,0.022642804630365145,Hypothetical
slr0835,4.8482853667206225,0.010364877092728876,0.0226703610445062,Regulatory functions
slr1884,4.847880014038707,0.010368236807451579,0.0226703610445062,Translation
sll0520,4.836536014573363,0.010462758390122373,0.022841233105196725,Photosynthesis and respiration
sll1434,4.81850783394627,0.010614973819887928,0.02313732574803697,Other categories
sll1760,4.801778957299757,0.010758448140765485,0.023413471382789156,Amino acid biosynthesis
slr0545,4.795092732556891,0.01081640073087355,0.023502926821757947,Hypothetical
sll0830,4.786492743913515,0.01089145725165756,0.023629211300252403,Translation
slr1223,4.782868074487479,0.010923266781612186,0.02366142416203261,Hypothetical
slr0338,4.779001098389434,0.010957317902957729,0.02369838523197834,Other categories
slr1189,4.772183596602387,0.011017641137276594,0.02379196499458336,Unknown
sll1628,4.76503761601785,0.011081271726347623,0.023892386488802063,Hypothetical
sll0902,4.760656962414213,0.011120482876072865,0.02393992841376797,Amino acid biosynthesis
sll1654,4.738348323808637,0.011322601214317022,0.024312898067403808,Hypothetical
slr0326,4.736306340658838,0.011341307013590969,0.024312898067403808,Hypothetical
sll1656,4.735316344424373,0.011350388472304594,0.024312898067403808,Hypothetical
slr0261,4.733894279027734,0.01136344769888694,0.024312898067403808,Photosynthesis and respiration
sll1030,4.729741629725876,0.011401679368953506,0.02435733954010741,Photosynthesis and respiration
slr1096,4.717915931940257,0.011511347623655835,0.024554021307339285,Energy metabolism
slr0900,4.709383525408675,0.011591210836054964,0.02468662460503309,"Biosynthesis of cofactors, prosthetic groups, and carriers"
sll0659,4.700774858944363,0.01167241920547009,0.024821684133583502,Hypothetical
sll0286,4.695674565854844,0.011720833343747126,0.024886700935353487,Hypothetical
sll1883,4.691405667179051,0.011761528990577036,0.024928049452409052,Amino acid biosynthesis
slr6097,4.6898868416972,0.011776046300457038,0.024928049452409052,"DNA replication, restriction, modification, recombination, and repair"
slr2005,4.612798514355954,0.01254000292092503,0.02650500617377336,Hypothetical
slr1103,4.610433378814564,0.012564306313570549,0.026516198649668556,Hypothetical
sll0541,4.571348336049528,0.012973689508322206,0.02733881701527111,"Fatty acid, phospholipid and sterol metabolism"
slr0680,4.557995454166293,0.013116965593558771,0.02759904525341551,Hypothetical
slr1577,4.496003844094414,0.013805825905778205,0.029004709546025,Hypothetical
slr0550,4.472046706125112,0.014082846310094746,0.029542211432454394,Amino acid biosynthesis
slr0032,4.4642558514352135,0.01417427331129059,0.029689356260135694,Amino acid biosynthesis
sll1712,4.4569854176158685,0.014260194318710862,0.02982454433973261,Translation
sll1675,4.448517418694262,0.014361005675495104,0.02999042352891567,Hypothetical
slr0080,4.440171298321201,0.014461149288425906,0.03015441443550693,Transcription
sll0057,4.4178027416654935,0.014733432201401187,0.0306763252551562,Cellular processes
sll1138,4.401170222022229,0.01493962275063888,0.030980765980685793,Hypothetical
sll1735,4.400833268220693,0.014943833236682691,0.030980765980685793,Hypothetical
slr1024,4.400019009161862,0.014954013500684418,0.030980765980685793,Cell envelope
slr0966,4.397369394220521,0.014987194171609215,0.030980765980685793,Amino acid biosynthesis
sll1226,4.397090364567348,0.01499069321646087,0.030980765980685793,Other categories
slr0912,4.359431263898636,0.0154714593037648,0.03189452744738467,Unknown
slr1410,4.358884721920799,0.015478562782709263,0.03189452744738467,Other categories
slr1240,4.355585256177752,0.015521524166742353,0.031935879369624755,Unknown
slr0990,4.340599921511056,0.015718334503684702,0.03229319091699581,Hypothetical
sll0293,4.3264545496827695,0.01590668447249849,0.03261631911307263,Unknown
slr1104,4.325284642205756,0.015922375136919333,0.03261631911307263,Hypothetical
slr1991,4.301525205353276,0.01624482017684008,0.033228041270809264,Regulatory functions
sll1071,4.2932088712496,0.01635940817189338,0.03341343250335471,Hypothetical
slr2094,4.287939411672118,0.016432483303394422,0.03348567612179437,Other categories
sll1056,4.287198510273149,0.016442787199590785,0.03348567612179437,"Purines, pyrimidines, nucleosides, and nucleotides"
ssl0020,4.283031344185798,0.01650087613414315,0.03355498864013075,Photosynthesis and respiration
ssl1918,4.230220063669868,0.017257337497480714,0.035042191861696645,Hypothetical
slr0017,4.2130420877781525,0.01751171225457281,0.035507032841757366,Cell envelope
slr1641,4.1923413713028195,0.017823853402716017,0.036087482578793684,Translation
slr1203,4.185662886349564,0.017925883387388656,0.036241459891894465,Hypothetical
sll1165,4.161242885995448,0.0183045694001698,0.03695350841278852,"DNA replication, restriction, modification, recombination, and repair"
sml0011,4.1475962713565915,0.0185200898833856,0.037334574259137165,Hypothetical
sll8001,4.144344392505042,0.0185718652419362,0.03738492353896248,Hypothetical
sll1304,4.1324549910931445,0.018762549618389142,0.03768593429860366,Unknown
sll0378,4.131656792802149,0.018775429632637664,0.03768593429860366,"Biosynthesis of cofactors, prosthetic groups, and carriers"
sll1443,4.12361242707433,0.01890579088808968,0.03789307225414526,"Purines, pyrimidines, nucleosides, and nucleotides"
sll1783,4.111120162960399,0.019110246592060245,0.03824791104149791,Hypothetical
slr1266,4.094602396207328,0.019384399363017987,0.038716398361729416,Hypothetical
sll0629,4.093680504766712,0.019399829716737538,0.038716398361729416,Photosynthesis and respiration
sll0712,4.089022391266033,0.019478006576535017,0.03881688453466622,Amino acid biosynthesis
sll1625,4.080363442884982,0.019624268695271462,0.039052574650361896,Energy metabolism
ssr1480,4.052563068005821,0.02010223679687461,0.0399467526091739,Translation
slr1848,4.049040119847549,0.02016373174636821,0.040011957021598384,Amino acid biosynthesis
slr0089,4.044002342499422,0.02025203521044315,0.04013009817978437,"Fatty acid, phospholipid and sterol metabolism"
slr1041,4.036981800817602,0.020375816228802367,0.040318104452736606,Regulatory functions
slr1898,4.020253282765572,0.02067418990585196,0.04085055937487745,Amino acid biosynthesis
sll0558,4.002742536017844,0.02099176691911175,0.04141939865935063,Hypothetical
sll0759,3.9746467046543112,0.021512792606099555,0.04238749390608599,Transport and binding proteins
slr0516,3.9584471975724407,0.02181977648925399,0.04293171819817957,Hypothetical
sll0533,3.9520761044348527,0.021941850842697928,0.043077963966228726,Cellular processes
slr2097,3.951347215061931,0.02195586550536819,0.043077963966228726,Other categories
slr1161,3.9232387621396887,0.022504037583451573,0.04409147813049852,Hypothetical
sll0436,3.91698658843161,0.022628039520291326,0.0442722512353526,Hypothetical
slr1949,3.9116482170341538,0.02273452294041144,0.044418290618871085,Hypothetical
sll1262,3.896006785263616,0.023049761386915533,0.04493124049904657,Hypothetical
sll1096,3.894074522862165,0.023089042589494915,0.04493124049904657,Translation
slr0637,3.8938460912100203,0.0230936913532734,0.04493124049904657,Hypothetical
sll0888,3.8625366647268673,0.02374088321826336,0.046126089261110566,Hypothetical
sll1372,3.8535429852402783,0.023930522805080384,0.04642987387077488,Hypothetical
sll0048,3.8355206023883883,0.02431566150656834,0.04711159416897616,Unknown
ssl0563,3.8144333616071027,0.0247751233762108,0.04793522484024143,Photosynthesis and respiration
sll0402,3.7752949229637607,0.02565385463533073,0.04951987340805352,Amino acid biosynthesis
slr0721,3.7748021278673565,0.02566513869105569,0.04951987340805352,Energy metabolism
sll1892,3.763844070155785,0.025917496025508757,0.04993771678948165,Unknown
